Time(ms),Position
0,0
100,0.005
200,0.02
300,0.045
400,0.08
500,0.125
600,0.180601
700,0.2457
800,0.320801
900,0.405901
1000,0.501
1100,0.601
1200,0.701
1300,0.802
1400,0.902
1500,1.002
1600,1.102
1700,1.202
1800,1.302
1900,1.402
2000,1.502
2100,1.602
2200,1.703
2300,1.803
2400,1.903
2500,2.003
2600,2.103
2700,2.203
2800,2.303
2900,2.404
3000,2.504
3100,2.604
3200,2.704
3300,2.804
3400,2.904
3500,3.004
3600,3.104
3700,3.205
3800,3.305
3900,3.405
4000,3.505
4100,3.605
4200,3.705
4300,3.805
4400,3.906
4500,4.006
4600,4.106
4700,4.206
4800,4.306
4900,4.406
5000,4.506
5100,4.607
5200,4.707
5300,4.807
5400,4.907
5500,5.007
5600,5.107
5700,5.207
5800,5.307
5900,5.408
6000,5.508
6100,5.608
6200,5.708
6300,5.808
6400,5.908
6500,6.009
6600,6.109
6700,6.209
6800,6.309
6900,6.409
7000,6.509
7100,6.609
7200,6.71
7300,6.81
7400,6.91
7500,7.01
7600,7.11
7700,7.21
7800,7.31
7900,7.411
8000,7.511
8100,7.611
8200,7.711
8300,7.811
8400,7.911
8500,8.011
8600,8.111
8700,8.212
8800,8.312
8900,8.412
9000,8.512
9100,8.612
9200,8.712
9300,8.813
9400,8.913
9500,9.013
9600,9.113
9700,9.213
9800,9.313
9900,9.413
