Time(ms),Position
0,0
100,0.0357035
200,0.141404
300,0.316286
400,0.516286
500,0.716286
600,0.916286
700,1.11629
800,1.31829
900,1.51829
1000,1.71829
1100,1.91829
1200,2.11829
1300,2.31829
1400,2.52029
1500,2.72029
1600,2.92029
1700,3.12029
1800,3.32029
1900,3.52029
2000,3.72229
2100,3.92229
2200,4.12229
2300,4.32229
2400,4.52229
2500,4.72229
2600,4.92229
2700,5.12429
2800,5.32429
2900,5.52429
3000,5.72429
3100,5.92429
3200,6.12429
3300,6.32429
3400,6.52629
3500,6.72629
3600,6.92629
3700,7.12629
3800,7.32629
3900,7.52629
4000,7.72629
4100,7.92629
4200,8.12629
4300,8.32829
4400,8.52829
4500,8.72829
4600,8.92829
4700,9.12829
4800,9.32829
4900,9.52829
5000,9.72811
5100,9.88946
5200,9.97886
5300,10
5400,10
5500,10
5600,10
5700,10
5800,10
5900,10
6000,10
6100,10
6200,10
6300,10
6400,10
6500,10
6600,10
6700,10
6800,10
6900,10
7000,10
7100,10
7200,10
7300,10
7400,10
7500,10
7600,10
7700,10
7800,10
7900,10
8000,10
8100,10
8200,10
8300,10
8400,10
8500,10
8600,10
8700,10
8800,10
8900,10
9000,10
9100,10
9200,10
9300,10
9400,10
9500,10
9600,10
9700,10
9800,10
9900,10
