Time(ms),Position
0,0
100,0.01
200,0.04
300,0.09
400,0.16
500,0.25
600,0.36
700,0.49
800,0.641601
900,0.811801
1000,1.002
1100,1.2122
1200,1.4424
1300,1.6926
1400,1.9628
1500,2.253
1600,2.5632
1700,2.8934
1800,3.2472
1900,3.6176
2000,4.008
2100,4.408
2200,4.808
2300,5.208
2400,5.608
2500,6.008
2600,6.3976
2700,6.77079
2800,7.12019
2900,7.44959
3000,7.75899
3100,8.04839
3200,8.31779
3300,8.56719
3400,8.79659
3500,9.00599
3600,9.19539
3700,9.36638
3800,9.51558
3900,9.64478
4000,9.75398
4100,9.84318
4200,9.91238
4300,9.96158
4400,9.99098
4500,10
4600,10
4700,10
4800,10
4900,10
5000,10
5100,10
5200,10
5300,10
5400,10
5500,10
5600,10
5700,10
5800,10
5900,10
6000,10
6100,10
6200,10
6300,10
6400,10
6500,10
6600,10
6700,10
6800,10
6900,10
7000,10
7100,10
7200,10
7300,10
7400,10
7500,10
7600,10
7700,10
7800,10
7900,10
8000,10
8100,10
8200,10
8300,10
8400,10
8500,10
8600,10
8700,10
8800,10
8900,10
9000,10
9100,10
9200,10
9300,10
9400,10
9500,10
9600,10
9700,10
9800,10
9900,10
