Time(ms),Position
0,0
100,0.045
200,0.181805
300,0.407705
400,0.723605
500,1.11511
600,1.51511
700,1.91911
800,2.31911
900,2.71911
1000,3.11911
1100,3.51911
1200,3.91911
1300,4.31911
1400,4.72311
1500,5.12311
1600,5.52311
1700,5.92311
1800,6.32311
1900,6.72311
2000,7.12711
2100,7.52711
2200,7.92711
2300,8.32711
2400,8.72711
2500,9.12704
2600,9.47844
2700,9.742
2800,9.9125
2900,9.993
3000,10
3100,10
3200,10
3300,10
3400,10
3500,10
3600,10
3700,10
3800,10
3900,10
4000,10
4100,10
4200,10
4300,10
4400,10
4500,10
4600,10
4700,10
4800,10
4900,10
5000,10
5100,10
5200,10
5300,10
5400,10
5500,10
5600,10
5700,10
5800,10
5900,10
6000,10
6100,10
6200,10
6300,10
6400,10
6500,10
6600,10
6700,10
6800,10
6900,10
7000,10
7100,10
7200,10
7300,10
7400,10
7500,10
7600,10
7700,10
7800,10
7900,10
8000,10
8100,10
8200,10
8300,10
8400,10
8500,10
8600,10
8700,10
8800,10
8900,10
9000,10
9100,10
9200,10
9300,10
9400,10
9500,10
9600,10
9700,10
9800,10
9900,10
